id,authorId,title,metaTitle,slug,content,rawHtml,image,createdAt,updatedAt,publishedAt
a28vcjkg723fvn0gumgv3uo0,clxzpkwmq000fq2e5c4d1d8d0,,,a28vcjkg723fvn0gumgv3uo0,

,<p></p>,,2024-08-05T23:59:32.867,2024-08-05T23:59:35.85,null
buh02v15zuxqvjkefyzkhztb,clxzqj3oy001mq2e5774cithr,Rekomendasi Webtoon Untuk Orang Dewasa,rekomendasi webtoon untuk orang dewasa,buh02v15zuxqvjkefyzkhztb,"

Teman-teman suka baca komik atau Webtoon?

Aku ada beberapa rekomendasi cerita webtoon yang menurut aku bisa ningkatin ilmu dalam ekonomi, apalagi bisnis.





Serena



Not your type reincarnation","<p>Teman-teman suka baca komik atau Webtoon?</p><p>Aku ada beberapa rekomendasi cerita webtoon yang menurut aku bisa ningkatin ilmu dalam ekonomi, apalagi bisnis.</p><ol><li><p>Serena</p></li><li><p>Not your type reincarnation</p></li></ol>",,2024-08-19T17:58:26.792,2024-08-19T18:04:55.935,null
c9hsu7agqqibj7r3h3i47sdz,clxzszljn00074yis1us8evcd,,,c9hsu7agqqibj7r3h3i47sdz,

,<p></p>,,2024-08-05T13:53:46.46,2024-08-05T13:53:49.564,null
jcjs8la0mgpryeo5m4hc2nha,clxwwgcmq000010ef3m45gkax,Cara Upload/Sisipkan Gambar dan File di Web Ini,cara uploadsisipkan gambar dan file di web ini,cara-uploadsisipkan-gambar-dan-file-di-web-ini,



Siapkan:





Akun Github.



Gambar dan file yang mau disisipkan.

Langkah-langkah:





Upload di github repo aset-asetnya.



Copy link aset ke cdn jsDelivr.



Copy link dari cdn jsDelivr ke menu di editor wed blog himarpl.

Link Terkait:





Github.com



jsDelivr

Video Selengkapnya

,"<img class=""mx-auto sm:w-[60vw] w-full h-auto max-w-full rounded"" src=""https://cdn.jsdelivr.net/gh/himarplupi/assets-himarpl@main/images/Screenshot%202024-07-13%20104004.png"" alt=""sisipkan image"" title=""sisipkan image""><h3>Siapkan:</h3><ol><li><p>Akun Github.</p></li><li><p>Gambar dan file yang mau disisipkan.</p></li></ol><h3>Langkah-langkah:</h3><ol><li><p>Upload di github repo aset-asetnya.</p></li><li><p>Copy link aset ke <a target=""_blank"" rel=""noopener noreferrer nofollow"" href=""https://www.jsdelivr.com/github"">cdn jsDelivr</a>.</p></li><li><p>Copy link dari cdn jsDelivr ke menu di editor wed blog himarpl.</p></li></ol><h3>Link Terkait:</h3><ul><li><p><a target=""_blank"" rel=""noopener noreferrer nofollow"" href=""https://github.com"">Github.com</a></p></li><li><p><a target=""_blank"" rel=""noopener noreferrer nofollow"" href=""https://www.jsdelivr.com/github""><strong>jsDelivr</strong></a></p></li></ul><h3>Video Selengkapnya</h3><div data-youtube-video=""""><iframe class=""mx-auto sm:w-[60vw] w-full h-auto aspect-video max-w-full rounded"" width=""640"" height=""480"" allowfullscreen=""true"" autoplay=""false"" disablekbcontrols=""false"" enableiframeapi=""false"" endtime=""0"" ivloadpolicy=""0"" loop=""false"" modestbranding=""false"" origin="""" playlist="""" src=""https://www.youtube.com/embed/v7gvc5_9Mlk"" start=""0""></iframe></div>",https://cdn.jsdelivr.net/gh/himarplupi/assets-himarpl@main/images/Screenshot%202024-07-13%20104004.png,2024-07-13T02:06:32.16,2024-07-13T04:04:35.125,2024-07-13T04:04:35.124
kmbmuzl50x5kdr4we80hvcp8,clxzqt3y10026q2e5hluhltzc,,,kmbmuzl50x5kdr4we80hvcp8,

,<p></p>,,2024-08-06T04:55:57.41,2024-08-06T04:56:16.055,null
litarzzp899gbnv4ze0he0rc,clxwwgcmq000010ef3m45gkax,Nanti ini buat artikel web mabim yah kaya,nanti ini buat artikel web mabim yah kaya,litarzzp899gbnv4ze0he0rc,

devlog devlog gitu lah

,<p>devlog devlog gitu lah</p><p></p>,,2024-07-26T12:49:40.147,2024-10-31T01:19:35.475,null
lk5c5zm3sbzqrl21qux67akw,clxzp9hlo000bq2e5jusfzxgd,,,lk5c5zm3sbzqrl21qux67akw,

,<p></p>,,2024-08-10T15:25:02.58,2024-08-10T15:25:06.965,null
mp7cxdyj6d6qzu6hzufbyn0r,clxwwgcmq000010ef3m45gkax,"Lorem ipsum dolor sit amet, consectetur adipiscing elit.",lorem ipsum dolor sit amet consectetur adipiscing elit,mp7cxdyj6d6qzu6hzufbyn0r,"

Aenean at rutrum turpis. Cras mollis turpis eget ex faucibus, mattis semper risus feugiat. Nulla accumsan tellus vel nunc pharetra dapibus. Vivamus commodo ipsum consectetur, molestie orci finibus, pharetra mi. Vestibulum varius augue posuere mauris aliquam, non tempus orci finibus. Maecenas feugiat eget urna sed pretium. Nulla auctor sagittis sapien tincidunt congue. Aliquam et sollicitudin justo. Nam nec odio nec ipsum condimentum varius et sit amet nisl. Ut vitae rhoncus nisi, vitae faucibus metus. Phasellus cursus ultrices lacus. Orci varius natoque penatibus et magnis dis parturient montes, nascetur ridiculus mus. Duis nec blandit purus. Maecenas tincidunt augue vel sagittis laoreet.

Nam eget consectetur enim, vel imperdiet ipsum. Nam ac massa vel nibh gravida tristique vitae id ipsum. Fusce dignissim lacus quis quam rutrum, at blandit magna gravida. Praesent ac ante ut arcu varius luctus. Quisque aliquam tellus in arcu gravida vehicula. Aliquam et pulvinar ipsum. Donec ut metus nec augue fringilla pretium id non ante. Integer ac aliquam tortor, a tempus leo.



Etiam condimentum risus mi, nec fermentum eros bibendum eu. Suspendisse cursus eros auctor, ullamcorper urna sit amet, pretium magna. Maecenas magna purus, pulvinar ac tincidunt eu, volutpat ac neque. Aliquam at porta est. Vestibulum sit amet nunc ut mi scelerisque scelerisque. Suspendisse vitae tristique lorem. Praesent at nisl est. Maecenas elementum dolor urna, aliquet rhoncus tortor posuere id. Aenean at ipsum nec purus tempor porttitor sit amet sit amet orci. Ut id ipsum eget odio posuere facilisis vitae et est. Praesent venenatis dignissim ipsum, quis euismod enim vulputate sit amet. Morbi velit leo, blandit ut neque sed, imperdiet commodo erat. Quisque sed ipsum justo. Nullam pretium lacinia enim, sed pharetra sapien iaculis dapibus. Cras eget sapien vitae magna viverra rutrum. Pellentesque congue dui id orci dapibus tincidunt a sed ex.

Donec rhoncus dui in nisl pellentesque ullamcorper. Nunc pharetra sit amet nibh id tempor. Duis iaculis neque id auctor suscipit. Vestibulum volutpat, turpis eget tempor commodo, nisi felis euismod tortor, sed interdum quam nibh vel ligula. Curabitur sit amet dui felis. Phasellus sapien velit, pretium et ante in, tincidunt tristique ex. Maecenas accumsan tellus egestas eros faucibus hendrerit. Phasellus at augue libero. Aliquam rutrum magna elit, ac euismod mauris dictum ut.

Lampiran:





File 1","<p>Aenean at rutrum turpis. Cras mollis turpis eget ex faucibus, mattis semper risus feugiat. Nulla accumsan tellus vel nunc pharetra dapibus. Vivamus commodo ipsum consectetur, molestie orci finibus, pharetra mi. Vestibulum varius augue posuere mauris aliquam, non tempus orci finibus. Maecenas feugiat eget urna sed pretium. Nulla auctor sagittis sapien tincidunt congue. Aliquam et sollicitudin justo. Nam nec odio nec ipsum condimentum varius et sit amet nisl. Ut vitae rhoncus nisi, vitae faucibus metus. Phasellus cursus ultrices lacus. Orci varius natoque penatibus et magnis dis parturient montes, nascetur ridiculus mus. Duis nec blandit purus. Maecenas tincidunt augue vel sagittis laoreet.</p><p>Nam eget consectetur enim, vel imperdiet ipsum. Nam ac massa vel nibh gravida tristique vitae id ipsum. Fusce dignissim lacus quis quam rutrum, at blandit magna gravida. Praesent ac ante ut arcu varius luctus. Quisque aliquam tellus in arcu gravida vehicula. Aliquam et pulvinar ipsum. Donec ut metus nec augue fringilla pretium id non ante. Integer ac aliquam tortor, a tempus leo.</p><img class=""mx-auto sm:w-[60vw] w-full h-auto max-w-full rounded"" src=""https://cdn.jsdelivr.net/gh/DikDns/aset@main/lufy-smile-gear-5.jpg"" alt=""luffy"" title=""luffy""><p>Etiam condimentum risus mi, nec fermentum eros bibendum eu. Suspendisse cursus eros auctor, ullamcorper urna sit amet, pretium magna. Maecenas magna purus, pulvinar ac tincidunt eu, volutpat ac neque. Aliquam at porta est. Vestibulum sit amet nunc ut mi scelerisque scelerisque. Suspendisse vitae tristique lorem. Praesent at nisl est. Maecenas elementum dolor urna, aliquet rhoncus tortor posuere id. Aenean at ipsum nec purus tempor porttitor sit amet sit amet orci. Ut id ipsum eget odio posuere facilisis vitae et est. Praesent venenatis dignissim ipsum, quis euismod enim vulputate sit amet. Morbi velit leo, blandit ut neque sed, imperdiet commodo erat. Quisque sed ipsum justo. Nullam pretium lacinia enim, sed pharetra sapien iaculis dapibus. Cras eget sapien vitae magna viverra rutrum. Pellentesque congue dui id orci dapibus tincidunt a sed ex.</p><p>Donec rhoncus dui in nisl pellentesque ullamcorper. Nunc pharetra sit amet nibh id tempor. Duis iaculis neque id auctor suscipit. Vestibulum volutpat, turpis eget tempor commodo, nisi felis euismod tortor, sed interdum quam nibh vel ligula. Curabitur sit amet dui felis. Phasellus sapien velit, pretium et ante in, tincidunt tristique ex. Maecenas accumsan tellus egestas eros faucibus hendrerit. Phasellus at augue libero. Aliquam rutrum magna elit, ac euismod mauris dictum ut.</p><p>Lampiran:</p><ul><li><p><a target=""_blank"" rel=""noopener noreferrer nofollow"" href=""https://cdn.jsdelivr.net/gh/DikDns/aset@main/C%2B%2B%20Best%20Practices%20by%20Jason%20Turner.pdf"">File 1</a></p></li></ul>",https://cdn.jsdelivr.net/gh/DikDns/aset@main/lufy-smile-gear-5.jpg,2024-07-13T01:25:45.641,2024-11-02T00:50:57.859,null
niyw4uok2685fbvxrhgkvkcy,clxzqr1ag001yq2e5sn89qcnr,,,niyw4uok2685fbvxrhgkvkcy,

,<p></p>,,2024-08-05T10:55:59.76,2024-08-05T10:56:02.964,null
o69cxuhkab0cjy5ebn3n9k9n,clxy7pksx0005khky4kam017x,Rangkuman Kalender Akademik UPI 2024/2025,rangkuman kalender akademik upi 20242025,rangkuman-kalender-akademik-upi-20242025,



Pendaftaran Mahasiswa Baru:





SNMPTN:





Pengisian PDSS: 1 Des 2023 - 8 Feb 2024



Pendaftaran: 14 - 28 Feb 2024



Pengumuman Kelulusan: 28 Mar 2024



SNBT:





Pendaftaran: 23 Mar - 14 Apr 2024



Pelaksanaan Tes UTBK: 8 - 14 dan 22 - 28 Mei 2024



Pengumuman Kelulusan: 20 Jun 2024



SMM PTN BARAT:





Pendaftaran: 2 Mei - 27 Jun 2024



Pelaksanaan Tes UTBK: 3 - 4 Jul 2024



Pengumuman Kelulusan: 18 Jul 2024



Seleksi Mandiri Jalur Reguler dan Prestasi Istimewa:





Pendaftaran: 1 Apr - 30 Jun 2024



Pelaksanaan UTBK: 17 - 21 Jul 2024



Pelaksanaan Ujian Keterampilan dan/atau Wawancara: 22 - 23 Jul 2024



Pengumuman Kelulusan: 24 Jul 2024



Semester Ganjil:





Perkuliahan:





Awal Perkuliahan: 26 Ags 2024



Akhir Perkuliahan: 13 Des 2024



Ujian:





Ujian Tengah Semester (UTS): 21 - 25 Okt 2024



Ujian Akhir Semester (UAS): 26 Des 2024 - 12 Jan 2025



Remedial dan Ujian Ulang: 8 - 12 Jan 2025



Pemasukan Nilai: 8 - 16 Jan 2025



Semester Genap:





Perkuliahan:





Awal Perkuliahan: 20 Jan 2025



Akhir Perkuliahan: 24 Mei 2025



Ujian:





Ujian Tengah Semester (UTS): 24 - 28 Mar 2025



Ujian Akhir Semester (UAS): 27 Mei - 7 Jun 2025



Remedial dan Ujian Ulang: 10 - 14 Jun 2025



Pemasukan Nilai: 13 - 25 Jun 2025



Semester Antara (Padat):





Perkuliahan:





Pendaftaran: 2 - 13 Mei 2025



Awal Perkuliahan: 24 Jun 2025



Akhir Perkuliahan: 16 Agu 2025



Ujian:





Ujian Akhir: 19 - 23 Agu 2025



Pemasukan Nilai: 26 - 31 Agu 2025

Wisuda:





Wisuda Gelombang I: 19 Feb 2025



Wisuda Gelombang II: 18 - 19 Jun 2025



Wisuda Gelombang III: 15 - 16 Okt 2025



Lampiran:





Surat Keputusan,"<img class=""mx-auto sm:w-[60vw] w-full h-auto max-w-full rounded"" src=""https://cdn.jsdelivr.net/gh/himarpl/aset-blog@main/chandan-chaurasia-cXmyIJ8cc1A-unsplash.jpg"" alt=""calendar"" title=""calendar""><h2><strong>Pendaftaran Mahasiswa Baru:</strong></h2><ul><li><p><strong>SNMPTN:</strong></p><ul><li><p>Pengisian PDSS: 1 Des 2023 - 8 Feb 2024</p></li><li><p>Pendaftaran: 14 - 28 Feb 2024</p></li><li><p>Pengumuman Kelulusan: 28 Mar 2024</p></li></ul></li><li><p><strong>SNBT:</strong></p><ul><li><p>Pendaftaran: 23 Mar - 14 Apr 2024</p></li><li><p>Pelaksanaan Tes UTBK: 8 - 14 dan 22 - 28 Mei 2024</p></li><li><p>Pengumuman Kelulusan: 20 Jun 2024</p></li></ul></li><li><p><strong>SMM PTN BARAT:</strong></p><ul><li><p>Pendaftaran: 2 Mei - 27 Jun 2024</p></li><li><p>Pelaksanaan Tes UTBK: 3 - 4 Jul 2024</p></li><li><p>Pengumuman Kelulusan: 18 Jul 2024</p></li></ul></li><li><p><strong>Seleksi Mandiri Jalur Reguler dan Prestasi Istimewa:</strong></p><ul><li><p>Pendaftaran: 1 Apr - 30 Jun 2024</p></li><li><p>Pelaksanaan UTBK: 17 - 21 Jul 2024</p></li><li><p>Pelaksanaan Ujian Keterampilan dan/atau Wawancara: 22 - 23 Jul 2024</p></li><li><p>Pengumuman Kelulusan: 24 Jul 2024</p></li></ul></li></ul><hr><h2><strong>Semester Ganjil:</strong></h2><ul><li><p><strong>Perkuliahan:</strong></p><ul><li><p>Awal Perkuliahan: 26 Ags 2024</p></li><li><p>Akhir Perkuliahan: 13 Des 2024</p></li></ul></li><li><p><strong>Ujian:</strong></p><ul><li><p>Ujian Tengah Semester (UTS): 21 - 25 Okt 2024</p></li><li><p>Ujian Akhir Semester (UAS): 26 Des 2024 - 12 Jan 2025</p></li><li><p>Remedial dan Ujian Ulang: 8 - 12 Jan 2025</p></li><li><p>Pemasukan Nilai: 8 - 16 Jan 2025</p></li></ul></li></ul><hr><h2><strong>Semester Genap:</strong></h2><ul><li><p><strong>Perkuliahan:</strong></p><ul><li><p>Awal Perkuliahan: 20 Jan 2025</p></li><li><p>Akhir Perkuliahan: 24 Mei 2025</p></li></ul></li><li><p><strong>Ujian:</strong></p><ul><li><p>Ujian Tengah Semester (UTS): 24 - 28 Mar 2025</p></li><li><p>Ujian Akhir Semester (UAS): 27 Mei - 7 Jun 2025</p></li><li><p>Remedial dan Ujian Ulang: 10 - 14 Jun 2025</p></li><li><p>Pemasukan Nilai: 13 - 25 Jun 2025</p></li></ul></li></ul><hr><h3><strong>Semester Antara (Padat):</strong></h3><ul><li><p><strong>Perkuliahan:</strong></p><ul><li><p>Pendaftaran: 2 - 13 Mei 2025</p></li><li><p>Awal Perkuliahan: 24 Jun 2025</p></li><li><p>Akhir Perkuliahan: 16 Agu 2025</p></li></ul></li><li><p><strong>Ujian:</strong></p><ul><li><p>Ujian Akhir: 19 - 23 Agu 2025</p></li><li><p>Pemasukan Nilai: 26 - 31 Agu 2025</p></li></ul></li></ul><h3><strong>Wisuda:</strong></h3><ul><li><p><strong>Wisuda Gelombang I:</strong> 19 Feb 2025</p></li><li><p><strong>Wisuda Gelombang II:</strong> 18 - 19 Jun 2025</p></li><li><p><strong>Wisuda Gelombang III:</strong> 15 - 16 Okt 2025</p><p></p></li></ul><h3><strong>Lampiran:</strong></h3><ul><li><p><a target=""_blank"" rel=""noopener noreferrer nofollow"" href=""https://cdn.jsdelivr.net/gh/himarpl/aset-blog@main/Surat_Keputusan_Kalender_Akademik_2024-2025.pdf"">Surat Keputusan</a></p></li></ul>",https://cdn.jsdelivr.net/gh/himarpl/aset-blog@main/chandan-chaurasia-cXmyIJ8cc1A-unsplash.jpg,2024-07-12T11:09:06.858,2024-07-12T11:20:20.155,2024-07-12T11:20:20.154
qhzldl11jklekonhq0pm1jl0,clxwwgcmq000010ef3m45gkax,Tulis apapun bisa disini,tulis apapun bisa disini,qhzldl11jklekonhq0pm1jl0,

Markdown support

,<p>Markdown support</p><p></p>,,2024-07-29T03:12:33.28,2024-08-29T01:34:11.479,null
vfczzlhyn2o4v4n22zf3ht1k,clxy7pksx0005khky4kam017x,Pendaftaran PTESOL Kampus Cibiru Bulan Juli 2024,pendaftaran ptesol kampus cibiru bulan juli 2024,pendaftaran-ptesol-kampus-cibiru-bulan-juli-2024,"

Penyelenggaraan PTESOL di Kampus UPI di Cibiru akan dilaksanakan kembali pada tanggal 23 Juli 2024, untuk pendaftaran silakan mengisi di Google form dibawah ini





https://docs.google.com/forms/d/e/1FAIpQLScN0AnhrZWx7zW8jjyLsq71pHq4IHvbmbhrY2f64NzQj1p4FA/viewform

PTESOL (Proficiency Test of English to Speakers of Other Languages)

PTESOL adalah instrumen tes berbasis komputer yang digunakan untuk mengevaluasi kemampuan bahasa Inggris penutur non-asli dalam konteks akademik. Tiga keterampilan bahasa dan bidang pengetahuan yang diuji dalam tes ini adalah:





Keterampilan mendengarkan: Bagian ini mengukur kemampuan peserta tes untuk memahami percakapan dalam bahasa Inggris yang digunakan dalam setting akademik, seperti diskusi akademik, percakapan kelas, dan kehidupan kampus secara umum.



Struktur dan tata bahasa: Bagian ini mengukur kemampuan peserta tes untuk memahami dan menentukan penggunaan tata bahasa dan struktur yang tepat dalam bahasa Inggris tertulis standar.



Keterampilan membaca: Bagian ini mengukur kemampuan peserta tes untuk membaca dan memahami teks bahasa Inggris serta kosakata secara kontekstual dalam teks yang disediakan.



Sertifikat PTESOL dapat digunakan (dan telah digunakan) untuk berbagai tujuan, seperti:





Tes penempatan bagi peserta program pelatihan bahasa Inggris di UPI Language Center;



Untuk memantau kemajuan peserta yang mengikuti program pelatihan bahasa Inggris di UPI Language Center (tes kemajuan);



Tes keluar untuk mahasiswa di semua tingkat (sarjana, magister, dan doktoral) UPI.



Persyaratan tes seleksi bagi pelamar pegawai negeri sipil.



Persyaratan masuk untuk studi lanjut.



Serdos (Sertifikasi Dosen).

UPI Language Center menawarkan layanan pengujian PTESOL kepada seluruh anggota staf akademik UPI dan masyarakat umum. Pengujian PTESOL dapat dilakukan di laboratorium tes UPI Language Center (mode CBT) atau, atas permintaan, di lokasi sekolah atau institusi yang bekerja sama (mode kertas dan pensil).

Brosur PTESOL dapat diunduh di sini.","<p>Penyelenggaraan PTESOL di Kampus UPI di Cibiru akan dilaksanakan kembali pada tanggal 23 Juli 2024, untuk pendaftaran silakan mengisi di Google form dibawah ini</p><ul><li><p><a target=""_blank"" rel=""noopener noreferrer nofollow"" href=""https://docs.google.com/forms/d/e/1FAIpQLScN0AnhrZWx7zW8jjyLsq71pHq4IHvbmbhrY2f64NzQj1p4FA/viewform"">https://docs.google.com/forms/d/e/1FAIpQLScN0AnhrZWx7zW8jjyLsq71pHq4IHvbmbhrY2f64NzQj1p4FA/viewform</a></p></li></ul><h3>PTESOL (Proficiency Test of English to Speakers of Other Languages)</h3><p>PTESOL adalah instrumen tes berbasis komputer yang digunakan untuk mengevaluasi kemampuan bahasa Inggris penutur non-asli dalam konteks akademik. Tiga keterampilan bahasa dan bidang pengetahuan yang diuji dalam tes ini adalah:</p><ol><li><p><strong>Keterampilan mendengarkan</strong>: Bagian ini mengukur kemampuan peserta tes untuk memahami percakapan dalam bahasa Inggris yang digunakan dalam setting akademik, seperti diskusi akademik, percakapan kelas, dan kehidupan kampus secara umum.</p></li><li><p><strong>Struktur dan tata bahasa</strong>: Bagian ini mengukur kemampuan peserta tes untuk memahami dan menentukan penggunaan tata bahasa dan struktur yang tepat dalam bahasa Inggris tertulis standar.</p></li><li><p><strong>Keterampilan membaca</strong>: Bagian ini mengukur kemampuan peserta tes untuk membaca dan memahami teks bahasa Inggris serta kosakata secara kontekstual dalam teks yang disediakan.</p></li></ol><img class=""mx-auto sm:w-[60vw] w-full h-auto max-w-full rounded"" src=""https://images.unsplash.com/photo-1515378960530-7c0da6231fb1?q=80&amp;w=1770&amp;auto=format&amp;fit=crop&amp;ixlib=rb-4.0.3&amp;ixid=M3wxMjA3fDB8MHxwaG90by1wYWdlfHx8fGVufDB8fHx8fA%3D%3D"" alt=""computer"" title=""computer""><p>Sertifikat PTESOL dapat digunakan (dan telah digunakan) untuk berbagai tujuan, seperti:</p><ul><li><p>Tes penempatan bagi peserta program pelatihan bahasa Inggris di UPI Language Center;</p></li><li><p>Untuk memantau kemajuan peserta yang mengikuti program pelatihan bahasa Inggris di UPI Language Center (tes kemajuan);</p></li><li><p>Tes keluar untuk mahasiswa di semua tingkat (sarjana, magister, dan doktoral) UPI.</p></li><li><p>Persyaratan tes seleksi bagi pelamar pegawai negeri sipil.</p></li><li><p>Persyaratan masuk untuk studi lanjut.</p></li><li><p>Serdos (Sertifikasi Dosen).</p></li></ul><p>UPI Language Center menawarkan layanan pengujian PTESOL kepada seluruh anggota staf akademik UPI dan masyarakat umum. Pengujian PTESOL dapat dilakukan di laboratorium tes UPI Language Center (mode CBT) atau, atas permintaan, di lokasi sekolah atau institusi yang bekerja sama (mode kertas dan pensil).</p><p>Brosur PTESOL dapat diunduh <a target=""_blank"" rel=""noopener noreferrer nofollow"" href=""https://drive.google.com/uc?export=download&amp;id=1tjevqmai7_dhQdZ0sfiA--84XF_WiBYU"">di sini</a>.</p>",https://images.unsplash.com/photo-1515378960530-7c0da6231fb1?q=80&amp;w=1770&amp;auto=format&amp;fit=crop&amp;ixlib=rb-4.0.3&amp;ixid=M3wxMjA3fDB8MHxwaG90by1wYWdlfHx8fGVufDB8fHx8fA%3D%3D,2024-07-13T01:07:02.758,2024-07-13T01:15:41.299,2024-07-13T01:15:41.298
xug6a10pbcu3jj9zzan27zz5,clxzr5dhu002uq2e5o86e3hbp,,,xug6a10pbcu3jj9zzan27zz5,

,<p></p>,,2024-08-05T11:02:36.696,2024-08-05T11:02:40.3,null
yv35vsdyyjzmwef8t0vj94zv,clxzqk178001qq2e5t2etwcqr,Kok Banyak Orang Terjerat Pinjol,kok banyak orang terjerat pinjol,kok-banyak-orang-terjerat-pinjol,"



Kenapa Menggunakan Pinjol?

Pinjaman online (pinjol) banyak sekali digunakan oleh masyarakat saat ini. Akses yang mudah dan prosesnya yang cepat menjadi alasan kenapa pinjol banyak digunakan. Tapi dibalik kemudahan tersebut ada bahaya terjerat hutang. Ada 18 juta warga yang menjadi peminjam aktif pinjol. Apa saja penyebab orang meminjam ke pinjol?



Faktor Utama Menggunakan Pinjol

Faktor utama di baliknya adalah kurangnya literasi keuangan, kebutuhan mendesak, gaya hidup konsumtif, kemudahan akses pinjol, dan maraknya penawaran pinjol ilegal. Perpaduan faktor ini mendorong orang untuk meminjam tanpa mempertimbangkan konsekuensi dan kemampuan mereka untuk membayar, sehingga terjerat dalam hutang yang menumpuk dan berdampak negatif pada kehidupan mereka.



Dampak Menggunakan Pinjol

Beban hutang yang numpuk bisa bikin stres dan depresi. Gak mampu bayar hutang, denda dan bunga terus nambah, bahkan bisa jerat hukum. Parahnya lagi, pinjol ilegal sering pakai cara penagihan gak etis, kayak meneror dan menyebarkan informasi pribadi.

Agar Tidak Terjerat Pinjol

Sebelum terjebak hutang menumpuk dan stres, yuk pahami dulu konsep keuangan dasar seperti bunga, tenor, dan biaya pinjol. Pastikan pinjam duit sesuai kemampuan bayar dan gunakan pinjol legal yang terdaftar di OJK. Ingat, pinjol hanya untuk kebutuhan mendesak, bukan gaya hidup konsumtif. Cari solusi lain seperti menabung, cari kerja sampingan, atau minta bantuan keluarga/teman. Bijaklah dalam berpinjam agar terhindar dari jeratan pinjol!","<img class=""mx-auto sm:w-[60vw] w-full h-auto max-w-full rounded"" src=""https://cdn.jsdelivr.net/gh/padli-septiana/asset-rekapstore@main/kok-banyak-orang-terjerat-pinjol.jpg"" alt=""image-pinjol"" title=""image-pinjol""><h3>Kenapa Menggunakan Pinjol?</h3><p>Pinjaman online (pinjol) banyak sekali digunakan oleh masyarakat saat ini. Akses yang mudah dan prosesnya yang cepat menjadi alasan kenapa pinjol banyak digunakan. Tapi dibalik kemudahan tersebut ada bahaya terjerat hutang. Ada 18 juta warga yang menjadi peminjam aktif pinjol. Apa saja penyebab orang meminjam ke pinjol?</p><p></p><h3>Faktor Utama Menggunakan Pinjol</h3><p>Faktor utama di baliknya adalah kurangnya literasi keuangan, kebutuhan mendesak, gaya hidup konsumtif, kemudahan akses pinjol, dan maraknya penawaran pinjol ilegal. Perpaduan faktor ini mendorong orang untuk meminjam tanpa mempertimbangkan konsekuensi dan kemampuan mereka untuk membayar, sehingga terjerat dalam hutang yang menumpuk dan berdampak negatif pada kehidupan mereka.</p><p></p><h3>Dampak Menggunakan Pinjol</h3><p>Beban hutang yang numpuk bisa bikin stres dan depresi. Gak mampu bayar hutang, denda dan bunga terus nambah, bahkan bisa jerat hukum. Parahnya lagi, pinjol ilegal sering pakai cara penagihan gak etis, kayak meneror dan menyebarkan informasi pribadi.</p><h3>Agar Tidak Terjerat Pinjol</h3><p>Sebelum terjebak hutang menumpuk dan stres, yuk pahami dulu konsep keuangan dasar seperti bunga, tenor, dan biaya pinjol. Pastikan pinjam duit sesuai kemampuan bayar dan gunakan pinjol legal yang terdaftar di OJK. Ingat, pinjol hanya untuk kebutuhan mendesak, bukan gaya hidup konsumtif. Cari solusi lain seperti menabung, cari kerja sampingan, atau minta bantuan keluarga/teman. Bijaklah dalam berpinjam agar terhindar dari jeratan pinjol!</p>",https://cdn.jsdelivr.net/gh/padli-septiana/asset-rekapstore@main/kok-banyak-orang-terjerat-pinjol.jpg,2024-07-13T04:09:46.951,2024-07-13T04:18:58.79,2024-07-13T04:18:58.79