userId,name,username,url
clxwwgcmq000010ef3m45gkax,instagram,dikdns,https://instagram.com/dikdns
clxykkjf0000emwt20orvour8,instagram,annisaa.isn,https://instagram.com/annisaa.isn
clxwwgcmq000010ef3m45gkax,github,dikdns,https://github.com/dikdns
clxy7pksx0005khky4kam017x,instagram,himarpl,https://instagram.com/himarpl
clxy7pksx0005khky4kam017x,github,himarpl,https://github.com/himarpl
clxzqk178001qq2e5t2etwcqr,instagram,septian_padli,https://instagram.com/septian_padli
clxzqk178001qq2e5t2etwcqr,github,septian_padli,https://github.com/septian_padli
clxzpwin3000uq2e547kq6fnw,github,interstellardeer,https://github.com/interstellardeer
clxzqkej3001sq2e5s212jx6d,instagram,raf.zz_,https://instagram.com/raf.zz_
clxzqkej3001sq2e5s212jx6d,github,Zreaei,https://github.com/Zreaei
clxzpzw7a0010q2e5c75hhkhv,instagram,aruleyd,https://instagram.com/aruleyd
clxzpzw7a0010q2e5c75hhkhv,github,CRXWFF,https://github.com/CRXWFF
clxzpkwmq000fq2e5c4d1d8d0,instagram,maryamsilva_,https://instagram.com/maryamsilva_
clxyluupb0000ysh8oigss2cl,instagram,tsaqiebabdanes,https://instagram.com/tsaqiebabdanes
clxzr5dhu002uq2e5o86e3hbp,instagram,fayrabbani,https://instagram.com/fayrabbani
clxzq4qog0012q2e5j5amdg6o,instagram,fulviandafa,https://instagram.com/fulviandafa
clxzr7yyd0036q2e5ppl78cen,instagram,https://www.instagram.com/restu_tea345?igsh=ZHlza3hsM2V4YnNx,https://instagram.com/https://www.instagram.com/restu_tea345?igsh=ZHlza3hsM2V4YnNx
clxzqwo9i002aq2e5uqc8npzl,instagram,https://www.instagram.com/chann_mukti/,https://instagram.com/https://www.instagram.com/chann_mukti/
clxzqwo9i002aq2e5uqc8npzl,github,https://github.com/ChandraMukti022,https://github.com/https://github.com/ChandraMukti022
clxzqj3oy001mq2e5774cithr,instagram,@rucitafirli,https://instagram.com/@rucitafirli
clxzr3ejp002oq2e51ihgd8f5,instagram,achmdsoewrdi,https://instagram.com/achmdsoewrdi
clxzq72230014q2e52mdqtygk,instagram,npc_bam,https://instagram.com/npc_bam
clxzqs3nv0022q2e5p8kom5qu,instagram,rafnazhm,https://instagram.com/rafnazhm
clxzqs3nv0022q2e5p8kom5qu,github,rafinazhminugraha,https://github.com/rafinazhminugraha
clxzppwyx000mq2e5p1285mr7,instagram,rstisbil_,https://instagram.com/rstisbil_
clxzppwyx000mq2e5p1285mr7,github,rstisbil15,https://github.com/rstisbil15
clxzszljn00074yis1us8evcd,instagram,ramandha_putras,https://instagram.com/ramandha_putras
clxzszljn00074yis1us8evcd,github,ramaGitScholar,https://github.com/ramaGitScholar
clxzq8hc5001aq2e56h6mwcbl,instagram,@vinaniii,https://instagram.com/@vinaniii
clxzq8hc5001aq2e56h6mwcbl,github,vinanui,https://github.com/vinanui
clxzqla04001wq2e5amy812f4,instagram,ayass1155,https://instagram.com/ayass1155
clxzqla04001wq2e5amy812f4,github,Laras Januapuspa,https://github.com/Laras Januapuspa
clxzp7e4u0009q2e5lirgh4ic,instagram,lifeofjanzani,https://instagram.com/lifeofjanzani
clxzr6a0f002yq2e5mclg9llr,instagram,firdanumaras,https://instagram.com/firdanumaras
clxzr6a0f002yq2e5mclg9llr,github,@Firdan16,https://github.com/@Firdan16
clxzqt3y10026q2e5hluhltzc,instagram,browicakmen,https://instagram.com/browicakmen
clxykm4jo000gmwt2i52qkfqq,instagram,nur.ftrn,https://instagram.com/nur.ftrn